Items,Synonym 1,Synonym 2,Synonym 3
Abstract thinking,Conceptual reasoning,Theoretical pondering,Symbolic processing
Motivation,Inner drive,Personal incentive,Goal pursuit
Academic performance,Scholastic achievement,Educational outcomes,Learning results
Physical activity,Bodily movement,Exercise routine,Fitness training
Activity level,Energy intensity,Motion frequency,Behavioral pace
Relationships with others,Social connections,Interpersonal bonds,Human ties
Relationships with peers,Social connections,Interpersonal bonds,Colleague dynamics
Relationships with parents,Family bonds,Maternal connections,Filial ties
Relationships with teachers,Student-educator bonds,Academic mentorship,Instructor connections
Emotional control,Affect regulation,Feeling management,Mood discipline
Assertiveness,Self-confidence,Bold communication,Direct expression
Attention,Focus,Concentration,Mindfulness
Feeling accepted,Social belonging,Being welcomed,Gaining approval
Bullying,Intimidation,Harassment,Victimization
Class participation,Student engagement,Academic involvement,Classroom contribution
Sense of safety,Personal security,Inner peace,Feeling protected
Collaboration with others,Teamwork,Joint effort,Cooperative partnership
Following rules and directions,Compliance behavior,Obedient conduct,Adhering to guidelines
Managing conflict,Resolving disputes,Handling disagreements,Mediating tensions
Coping skills,Adaptation strategies,Resilience techniques,Stress management
Creativity and imagination,Innovative thinking,Artistic vision,Mental resourcefulness
Reasoning ability,Logical thinking,Cognitive processing,Mental analysis
Curiosity,Inquisitive nature,Wonder seeking,Exploratory drive
Self-care / hygiene,Personal grooming,Body maintenance,Individual wellness
Decision-making,Choice selection,Problem solving,Judgment formation
Eating and diet,Nutritional habits,Food consumption,Meal patterns
Effort,Hard work,Exertion,Striving
Managing emotions,Emotional regulation,Feeling control,Mood stabilization
Regulating emotions,Managing feelings,Controlling mood,Balancing affect
Emotional awareness,Feeling recognition,Mood comprehension,Affective insight
Emotional expression,Affective display,Feeling manifestation,Mood communication
Emotional well-being,Mental health,Psychological balance,Mood stability
Kindness and caring,Compassionate nature,Gentle warmth,Thoughtful empathy
Empathy,Compassionate understanding,Emotional resonance,Perspective taking
Energy Level,Vitality gauge,Power reserve,Stamina capacity
Asking questions,Making inquiries,Seeking answers,Posing queries
Expressive communication,Articulate dialogue,Vivid messaging,Animated conversation
Fairness,Justice,Equity,Impartiality
Adaptibility,Flexibility,Resilience,Versatility
Resourcefulness,Creative ingenuity,Problem-solving ability,Adaptive thinking
Frustration tolerance,Stress resilience,Patience capacity,Annoyance endurance
Future outlook,Tomorrow's prospects,Coming expectations,Ahead vision
Setting and striving for goals,Pursuing objectives,Chasing ambitions,Working toward targets
Habits / routines,Daily patterns,Regular practices,Behavioral customs
Seeking help,Requesting assistance,Finding support,Getting aid
Helpfulness,Assistance,Support,Service orientation
Independence,Self-reliance,Autonomy,Freedom
Initiative,Proactive action,Personal drive,Self-motivation
Integrity and honesty,Moral uprightness,Ethical character,Truthful principles
Openness,Transparency,Receptive mindset,Candid honesty
Knowledge and skills,Expertise,Competencies,Abilities
Learning,Knowledge acquisition,Skill development,Educational progress
Leadership,Executive authority,Command responsibility,Directorial guidance
Learning from feedback and mistakes,Growth through criticism,Improvement via errors,Development by correction
Memory,Recollection,Mental storage,Past experiences
Managing thoughts,Cognitive control,Mental regulation,Mind supervision
Mood,Emotional state,Mental disposition,Current feeling
Morning routine,Dawn ritual,Early habits,AM schedule
Problem solving and conflict resolution,Dispute mediation,Issue navigation,Challenge management
Observation,Visual inspection,Close monitoring,Careful scrutiny
Patience,Endurance,Tolerance,Forbearance
Perseverance,Determination,Tenacity,Grit
Planning,Strategic preparation,Future design,Goal mapping
Organization,Company,Institution,Entity
Play,Recreation,Fun activities,Game time
Sense of purpose,Life direction,Personal mission,Core meaning
Reading,Perusing text,Studying literature,Scanning books
Receptive communication,Active listening,Open dialogue,Attentive exchange
Resilience,Bounce back ability,Inner strength,Mental toughness
Response to peer pressure,Social conformity,Group influence reaction,Collective behavioral adjustment
Respect for others,Human dignity,Mutual courtesy,Personal consideration
Politeness,Good manners,Courteous behavior,Civil etiquette
Responsibility for stuff,Asset accountability,Property oversight,Item stewardship
Responsibility for self and others,Personal accountability,Mutual care,Collective stewardship
Willingness to try new things,Adventurous spirit,Open mindset,Experimental nature
Time management,Schedule planning,Priority organization,Workflow control
Self-awareness,Personal insight,Individual consciousness,Mental reflection
Self-acceptance,Personal embrace,Inner approval,Own validation
Self-advocacy,Personal representation,Individual championing,Own voice expression
Self-kindness,Personal compassion,Inner gentleness,Autoaffection
Self-confidence,Inner strength,Personal assurance,Bold certainty
Self-control,Willpower,Restraint,Discipline
Self-monitoring,Personal awareness,Behavioral tracking,Inner observation
Self-reflection,Personal introspection,Inner examination,Mental contemplation
Sexual behavior,Intimate conduct,Carnal activity,Romantic expression
Sleep and fatigue,Rest plus exhaustion,Slumber with weariness,Drowsiness or tiredness
Social awareness,Cultural sensitivity,Interpersonal understanding,Community mindfulness
Comfort in social situations,interpersonal ease,public confidence,group relaxation
Social communication,Interpersonal interaction,Human exchange,Collective dialogue
Social cooperation,Collective teamwork,Community partnership,Group collaboration
Social activity,Group interaction,Community engagement,Collective participation
Social skills,Interpersonal abilities,Communication competence,People expertise
Speech,Oral presentation,Verbal address,Spoken discourse
Stress management,Anxiety reduction,Tension control,Pressure handling
Substance use,Drug consumption,Chemical intake,Narcotic employment
Task completion,Job finishing,Work accomplishment,Assignment fulfillment
Task initiation,Project commencement,Work startup,Activity launch
Managing behavior,Conduct regulation,Action supervision,Response control
Thinking speed,Cognitive pace,Mental velocity,Processing rate
Respecting differences,Embracing diversity,Honoring uniqueness,Valuing variety
Managing transitions,Navigating change,Handling shifts,Overseeing evolution
Work habits,Professional practices,Job routines,Labor patterns
Worrying,Feeling anxious,Being concerned,Fretting constantly
Writing,Composition,Scribing,Penmanship
